id,comorbidadeid,medicamentoid,createdat,updatedat,createdby,updatedby
c3000000-0000-4000-8000-000000000001,b2000000-0000-4000-8000-000000000011,a1000000-0000-4000-8000-000000000001,2026-10-01 08:00:00,2026-10-01 08:00:00,Carga demonstrativa,Carga demonstrativa
c3000000-0000-4000-8000-000000000002,b2000000-0000-4000-8000-000000000001,a1000000-0000-4000-8000-000000000003,2026-10-01 08:00:00,2026-10-01 08:00:00,Carga demonstrativa,Carga demonstrativa
c3000000-0000-4000-8000-000000000003,b2000000-0000-4000-8000-000000000006,a1000000-0000-4000-8000-000000000003,2026-10-01 08:00:00,2026-10-01 08:00:00,Carga demonstrativa,Carga demonstrativa
c3000000-0000-4000-8000-000000000004,b2000000-0000-4000-8000-000000000008,a1000000-0000-4000-8000-000000000003,2026-10-01 08:00:00,2026-10-01 08:00:00,Carga demonstrativa,Carga demonstrativa
c3000000-0000-4000-8000-000000000005,b2000000-0000-4000-8000-000000000009,a1000000-0000-4000-8000-000000000004,2026-10-01 08:00:00,2026-10-01 08:00:00,Carga demonstrativa,Carga demonstrativa
c3000000-0000-4000-8000-000000000006,b2000000-0000-4000-8000-000000000006,a1000000-0000-4000-8000-000000000004,2026-10-01 08:00:00,2026-10-01 08:00:00,Carga demonstrativa,Carga demonstrativa
c3000000-0000-4000-8000-000000000007,b2000000-0000-4000-8000-000000000035,a1000000-0000-4000-8000-000000000004,2026-10-01 08:00:00,2026-10-01 08:00:00,Carga demonstrativa,Carga demonstrativa
c3000000-0000-4000-8000-000000000008,b2000000-0000-4000-8000-000000000007,a1000000-0000-4000-8000-000000000005,2026-10-01 08:00:00,2026-10-01 08:00:00,Carga demonstrativa,Carga demonstrativa
c3000000-0000-4000-8000-000000000009,b2000000-0000-4000-8000-000000000022,a1000000-0000-4000-8000-000000000005,2026-10-01 08:00:00,2026-10-01 08:00:00,Carga demonstrativa,Carga demonstrativa
c3000000-0000-4000-8000-000000000010,b2000000-0000-4000-8000-000000000031,a1000000-0000-4000-8000-000000000029,2026-10-01 08:00:00,2026-10-01 08:00:00,Carga demonstrativa,Carga demonstrativa
c3000000-0000-4000-8000-000000000011,b2000000-0000-4000-8000-000000000006,a1000000-0000-4000-8000-000000000006,2026-10-01 08:00:00,2026-10-01 08:00:00,Carga demonstrativa,Carga demonstrativa
c3000000-0000-4000-8000-000000000012,b2000000-0000-4000-8000-000000000004,a1000000-0000-4000-8000-000000000007,2026-10-01 08:00:00,2026-10-01 08:00:00,Carga demonstrativa,Carga demonstrativa
c3000000-0000-4000-8000-000000000013,b2000000-0000-4000-8000-000000000015,a1000000-0000-4000-8000-000000000031,2026-10-01 08:00:00,2026-10-01 08:00:00,Carga demonstrativa,Carga demonstrativa
c3000000-0000-4000-8000-000000000014,b2000000-0000-4000-8000-000000000021,a1000000-0000-4000-8000-000000000009,2026-10-01 08:00:00,2026-10-01 08:00:00,Carga demonstrativa,Carga demonstrativa
c3000000-0000-4000-8000-000000000015,b2000000-0000-4000-8000-000000000033,a1000000-0000-4000-8000-000000000009,2026-10-01 08:00:00,2026-10-01 08:00:00,Carga demonstrativa,Carga demonstrativa
c3000000-0000-4000-8000-000000000016,b2000000-0000-4000-8000-000000000002,a1000000-0000-4000-8000-000000000009,2026-10-01 08:00:00,2026-10-01 08:00:00,Carga demonstrativa,Carga demonstrativa
c3000000-0000-4000-8000-000000000017,b2000000-0000-4000-8000-000000000005,a1000000-0000-4000-8000-000000000010,2026-10-01 08:00:00,2026-10-01 08:00:00,Carga demonstrativa,Carga demonstrativa
c3000000-0000-4000-8000-000000000018,b2000000-0000-4000-8000-000000000022,a1000000-0000-4000-8000-000000000010,2026-10-01 08:00:00,2026-10-01 08:00:00,Carga demonstrativa,Carga demonstrativa
c3000000-0000-4000-8000-000000000019,b2000000-0000-4000-8000-000000000004,a1000000-0000-4000-8000-000000000010,2026-10-01 08:00:00,2026-10-01 08:00:00,Carga demonstrativa,Carga demonstrativa
c3000000-0000-4000-8000-000000000020,b2000000-0000-4000-8000-000000000002,a1000000-0000-4000-8000-000000000011,2026-10-01 08:00:00,2026-10-01 08:00:00,Carga demonstrativa,Carga demonstrativa
c3000000-0000-4000-8000-000000000021,b2000000-0000-4000-8000-000000000012,a1000000-0000-4000-8000-000000000032,2026-10-01 08:00:00,2026-10-01 08:00:00,Carga demonstrativa,Carga demonstrativa
c3000000-0000-4000-8000-000000000022,b2000000-0000-4000-8000-000000000006,a1000000-0000-4000-8000-000000000012,2026-10-01 08:00:00,2026-10-01 08:00:00,Carga demonstrativa,Carga demonstrativa
c3000000-0000-4000-8000-000000000023,b2000000-0000-4000-8000-000000000006,a1000000-0000-4000-8000-000000000013,2026-10-01 08:00:00,2026-10-01 08:00:00,Carga demonstrativa,Carga demonstrativa
c3000000-0000-4000-8000-000000000024,b2000000-0000-4000-8000-000000000006,a1000000-0000-4000-8000-000000000014,2026-10-01 08:00:00,2026-10-01 08:00:00,Carga demonstrativa,Carga demonstrativa
c3000000-0000-4000-8000-000000000025,b2000000-0000-4000-8000-000000000020,a1000000-0000-4000-8000-000000000015,2026-10-01 08:00:00,2026-10-01 08:00:00,Carga demonstrativa,Carga demonstrativa
c3000000-0000-4000-8000-000000000026,b2000000-0000-4000-8000-000000000012,a1000000-0000-4000-8000-000000000033,2026-10-01 08:00:00,2026-10-01 08:00:00,Carga demonstrativa,Carga demonstrativa
c3000000-0000-4000-8000-000000000027,b2000000-0000-4000-8000-000000000032,a1000000-0000-4000-8000-000000000015,2026-10-01 08:00:00,2026-10-01 08:00:00,Carga demonstrativa,Carga demonstrativa
c3000000-0000-4000-8000-000000000028,b2000000-0000-4000-8000-000000000031,a1000000-0000-4000-8000-000000000016,2026-10-01 08:00:00,2026-10-01 08:00:00,Carga demonstrativa,Carga demonstrativa
c3000000-0000-4000-8000-000000000029,b2000000-0000-4000-8000-000000000015,a1000000-0000-4000-8000-000000000018,2026-10-01 08:00:00,2026-10-01 08:00:00,Carga demonstrativa,Carga demonstrativa
c3000000-0000-4000-8000-000000000030,b2000000-0000-4000-8000-000000000011,a1000000-0000-4000-8000-000000000018,2026-10-01 08:00:00,2026-10-01 08:00:00,Carga demonstrativa,Carga demonstrativa
c3000000-0000-4000-8000-000000000031,b2000000-0000-4000-8000-000000000006,a1000000-0000-4000-8000-000000000019,2026-10-01 08:00:00,2026-10-01 08:00:00,Carga demonstrativa,Carga demonstrativa
c3000000-0000-4000-8000-000000000032,b2000000-0000-4000-8000-000000000018,a1000000-0000-4000-8000-000000000020,2026-10-01 08:00:00,2026-10-01 08:00:00,Carga demonstrativa,Carga demonstrativa
c3000000-0000-4000-8000-000000000033,b2000000-0000-4000-8000-000000000015,a1000000-0000-4000-8000-000000000020,2026-10-01 08:00:00,2026-10-01 08:00:00,Carga demonstrativa,Carga demonstrativa
c3000000-0000-4000-8000-000000000034,b2000000-0000-4000-8000-000000000024,a1000000-0000-4000-8000-000000000021,2026-10-01 08:00:00,2026-10-01 08:00:00,Carga demonstrativa,Carga demonstrativa
c3000000-0000-4000-8000-000000000035,b2000000-0000-4000-8000-000000000001,a1000000-0000-4000-8000-000000000022,2026-10-01 08:00:00,2026-10-01 08:00:00,Carga demonstrativa,Carga demonstrativa
c3000000-0000-4000-8000-000000000036,b2000000-0000-4000-8000-000000000013,a1000000-0000-4000-8000-000000000034,2026-10-01 08:00:00,2026-10-01 08:00:00,Carga demonstrativa,Carga demonstrativa
c3000000-0000-4000-8000-000000000037,b2000000-0000-4000-8000-000000000024,a1000000-0000-4000-8000-000000000022,2026-10-01 08:00:00,2026-10-01 08:00:00,Carga demonstrativa,Carga demonstrativa
c3000000-0000-4000-8000-000000000038,b2000000-0000-4000-8000-000000000002,a1000000-0000-4000-8000-000000000023,2026-10-01 08:00:00,2026-10-01 08:00:00,Carga demonstrativa,Carga demonstrativa
c3000000-0000-4000-8000-000000000039,b2000000-0000-4000-8000-000000000021,a1000000-0000-4000-8000-000000000035,2026-10-01 08:00:00,2026-10-01 08:00:00,Carga demonstrativa,Carga demonstrativa
c3000000-0000-4000-8000-000000000040,b2000000-0000-4000-8000-000000000024,a1000000-0000-4000-8000-000000000024,2026-10-01 08:00:00,2026-10-01 08:00:00,Carga demonstrativa,Carga demonstrativa
c3000000-0000-4000-8000-000000000041,b2000000-0000-4000-8000-000000000025,a1000000-0000-4000-8000-000000000024,2026-10-01 08:00:00,2026-10-01 08:00:00,Carga demonstrativa,Carga demonstrativa
c3000000-0000-4000-8000-000000000042,b2000000-0000-4000-8000-000000000011,a1000000-0000-4000-8000-000000000026,2026-10-01 08:00:00,2026-10-01 08:00:00,Carga demonstrativa,Carga demonstrativa
c3000000-0000-4000-8000-000000000043,b2000000-0000-4000-8000-000000000009,a1000000-0000-4000-8000-000000000026,2026-10-01 08:00:00,2026-10-01 08:00:00,Carga demonstrativa,Carga demonstrativa
c3000000-0000-4000-8000-000000000044,b2000000-0000-4000-8000-000000000031,a1000000-0000-4000-8000-000000000026,2026-10-01 08:00:00,2026-10-01 08:00:00,Carga demonstrativa,Carga demonstrativa
c3000000-0000-4000-8000-000000000045,b2000000-0000-4000-8000-000000000009,a1000000-0000-4000-8000-000000000027,2026-10-01 08:00:00,2026-10-01 08:00:00,Carga demonstrativa,Carga demonstrativa
c3000000-0000-4000-8000-000000000046,b2000000-0000-4000-8000-000000000006,a1000000-0000-4000-8000-000000000027,2026-10-01 08:00:00,2026-10-01 08:00:00,Carga demonstrativa,Carga demonstrativa
c3000000-0000-4000-8000-000000000047,b2000000-0000-4000-8000-000000000008,a1000000-0000-4000-8000-000000000028,2026-10-01 08:00:00,2026-10-01 08:00:00,Carga demonstrativa,Carga demonstrativa
c3000000-0000-4000-8000-000000000048,b2000000-0000-4000-8000-000000000017,a1000000-0000-4000-8000-000000000030,2026-10-01 08:00:00,2026-10-01 08:00:00,Carga demonstrativa,Carga demonstrativa
