pacienteid,comorbidadeid
d4000000-0000-4000-8000-000000000001,b2000000-0000-4000-8000-000000000001
d4000000-0000-4000-8000-000000000001,b2000000-0000-4000-8000-000000000006
d4000000-0000-4000-8000-000000000001,b2000000-0000-4000-8000-000000000008
d4000000-0000-4000-8000-000000000002,b2000000-0000-4000-8000-000000000002
d4000000-0000-4000-8000-000000000002,b2000000-0000-4000-8000-000000000020
d4000000-0000-4000-8000-000000000002,b2000000-0000-4000-8000-000000000024
d4000000-0000-4000-8000-000000000003,b2000000-0000-4000-8000-000000000004
d4000000-0000-4000-8000-000000000003,b2000000-0000-4000-8000-000000000015
d4000000-0000-4000-8000-000000000004,b2000000-0000-4000-8000-000000000016
d4000000-0000-4000-8000-000000000004,b2000000-0000-4000-8000-000000000009
d4000000-0000-4000-8000-000000000004,b2000000-0000-4000-8000-000000000031
d4000000-0000-4000-8000-000000000005,b2000000-0000-4000-8000-000000000017
d4000000-0000-4000-8000-000000000005,b2000000-0000-4000-8000-000000000029
d4000000-0000-4000-8000-000000000005,b2000000-0000-4000-8000-000000000011
d4000000-0000-4000-8000-000000000006,b2000000-0000-4000-8000-000000000005
d4000000-0000-4000-8000-000000000006,b2000000-0000-4000-8000-000000000001
d4000000-0000-4000-8000-000000000006,b2000000-0000-4000-8000-000000000021
d4000000-0000-4000-8000-000000000007,b2000000-0000-4000-8000-000000000012
d4000000-0000-4000-8000-000000000007,b2000000-0000-4000-8000-000000000013
d4000000-0000-4000-8000-000000000008,b2000000-0000-4000-8000-000000000006
d4000000-0000-4000-8000-000000000008,b2000000-0000-4000-8000-000000000002
d4000000-0000-4000-8000-000000000009,b2000000-0000-4000-8000-000000000023
d4000000-0000-4000-8000-000000000011,b2000000-0000-4000-8000-000000000014
d4000000-0000-4000-8000-000000000011,b2000000-0000-4000-8000-000000000034
d4000000-0000-4000-8000-000000000012,b2000000-0000-4000-8000-000000000035
d4000000-0000-4000-8000-000000000012,b2000000-0000-4000-8000-000000000008
d4000000-0000-4000-8000-000000000013,b2000000-0000-4000-8000-000000000018
d4000000-0000-4000-8000-000000000013,b2000000-0000-4000-8000-000000000015
