id,nome,cpf,datanascimento,celular,genero,cep,endereco,bairro,cidade,estado,telefone,nomeresponsavel,createdat,updatedat,createdby,updatedby
d4000000-0000-4000-8000-000000000001,Helena Costa,10100000126,1958-04-18,44990000001,Feminino,87000001,Rua Horizonte do Ingá,Jardim Aurora,Maringá,PR,4430000001,Marina Costa,2026-10-01 08:00:00,2026-10-01 08:00:00,Carga demonstrativa,Carga demonstrativa
d4000000-0000-4000-8000-000000000002,Rafael Mendes,10100792049,1970-11-03,44990000002,Masculino,87000002,Avenida Caminhos do Ipê,Vila Verde,Maringá,PR,4430000002,Cláudia Mendes,2026-10-01 08:00:00,2026-10-01 08:00:00,Carga demonstrativa,Carga demonstrativa
d4000000-0000-4000-8000-000000000003,Lívia Cardoso,10101583923,1992-08-27,44990000003,Feminino,87000003,Rua Serra Clara,Parque das Flores,Sarandi,PR,4430000003,Renata Cardoso,2026-10-01 08:00:00,2026-10-01 08:00:00,Carga demonstrativa,Carga demonstrativa
d4000000-0000-4000-8000-000000000004,Caio Nogueira,10102375860,1951-01-12,44990000004,Masculino,87000004,Alameda do Cedro,Jardim do Lago,Maringá,PR,4430000004,Elisa Nogueira,2026-10-01 08:00:00,2026-10-01 08:00:00,Carga demonstrativa,Carga demonstrativa
d4000000-0000-4000-8000-000000000005,Beatriz Almeida,10103167706,1965-06-09,44990000005,Feminino,87000005,Rua Vale Sereno,Vila Esperança,Maringá,PR,4430000005,Otávio Almeida,2026-10-01 08:00:00,2026-10-01 08:00:00,Carga demonstrativa,Carga demonstrativa
d4000000-0000-4000-8000-000000000006,Marcos Vinhal,10103959637,1956-09-21,44990000006,Masculino,87000006,Rua das Acácias,Jardim Primavera,Maringá,PR,4430000006,Luciana Vinhal,2026-10-01 08:00:00,2026-10-01 08:00:00,Carga demonstrativa,Carga demonstrativa
d4000000-0000-4000-8000-000000000007,Ana Luiza Farin,10104751509,1987-03-14,44990000007,Feminino,87000007,Rua Pôr do Sol,Parque das Palmeiras,Maringá,PR,4430000007,Ricardo Farin,2026-10-01 08:00:00,2026-10-01 08:00:00,Carga demonstrativa,Carga demonstrativa
d4000000-0000-4000-8000-000000000008,Gustavo Azevedo,10105543446,1978-12-05,44990000008,Masculino,87000008,Avenida das Palmeiras,Jardim Horizonte,Maringá,PR,4430000008,Patrícia Azevedo,2026-10-01 08:00:00,2026-10-01 08:00:00,Carga demonstrativa,Carga demonstrativa
d4000000-0000-4000-8000-000000000009,Camila Tavares,10106335383,1998-05-30,44990000009,Feminino,87000009,Rua Brisa do Norte,Vila Ipê,Maringá,PR,4430000009,Teresa Tavares,2026-10-01 08:00:00,2026-10-01 08:00:00,Carga demonstrativa,Carga demonstrativa
d4000000-0000-4000-8000-000000000010,André Figueiredo,10107127210,1983-07-08,44990000010,Masculino,87000010,Rua do Bosque,Jardim Central,Maringá,PR,4430000010,Olívia Figueiredo,2026-10-01 08:00:00,2026-10-01 08:00:00,Carga demonstrativa,Carga demonstrativa
d4000000-0000-4000-8000-000000000011,Isadora Ribeiro,10107919150,1990-10-16,44990000011,Feminino,87000011,Alameda das Araucárias,Parque do Sol,Maringá,PR,4430000011,Pedro Ribeiro,2026-10-01 08:00:00,2026-10-01 08:00:00,Carga demonstrativa,Carga demonstrativa
d4000000-0000-4000-8000-000000000012,Bruno Siqueira,10108711021,1974-02-25,44990000012,Masculino,87000012,Rua Jardim das Pedras,Vila do Campo,Maringá,PR,4430000012,Carla Siqueira,2026-10-01 08:00:00,2026-10-01 08:00:00,Carga demonstrativa,Carga demonstrativa
d4000000-0000-4000-8000-000000000013,Clara Monteiro,10109502906,1962-01-29,44990000013,Feminino,87000013,Rua das Nascentes,Jardim das Águas,Maringá,PR,4430000013,Marcelo Monteiro,2026-10-01 08:00:00,2026-10-01 08:00:00,Carga demonstrativa,Carga demonstrativa
d4000000-0000-4000-8000-000000000014,Daniel França,10110294807,2001-04-07,44990000014,Masculino,87000014,Rua Caminho Azul,Parque Sereno,Maringá,PR,4430000014,Eliane França,2026-10-01 08:00:00,2026-10-01 08:00:00,Carga demonstrativa,Carga demonstrativa
d4000000-0000-4000-8000-000000000015,Joana Valença,10111086744,1947-11-19,44990000015,Feminino,87000015,Rua Vento Sul,Jardim dos Campos,Maringá,PR,4430000015,Gabriel Valença,2026-10-01 08:00:00,2026-10-01 08:00:00,Carga demonstrativa,Carga demonstrativa
